온도,순번,sample name,Absorption(%),Contraction rate(%)
1200,1,TB-S,19.3,10.57
1200,2,TB-A,12.85015,12.06
1200,3,TB-B,12.01199,12.18
1200,4,TB-C,8.84419,
1200,5,HN,22.65072,2.67
1200,6,AH-A,6.74686,13.89
1200,7,AH-B,8.51235,14.4
1200,8,HNJK,20.5616,9.3
1250,9,TB-S,17.35718,10.71
1250,10,TB-A,4.61734,15.25
1250,11,TB-B,6.56877,15.69
1250,12,TB-C,2.02399,16.25
1250,13,HN,21.40217,15.55
1250,14,AH-A,3.34877,16.81
1250,15,AH-B,2.00597,3.28
1250,16,HNJK,18.14462,9.35
